{
  "cors": {
    "origin": "http://localhost:3000",
    "credentials": true,
    "methods": [
      "GET",
      "POST",
      "PUT",
      "DELETE",
      "OPTIONS"
    ],
    "allowedHeaders": [
      "Content-Type",
      "Authorization",
      "X-Requested-With"
    ]
  },
  "securityHeaders": {
    "X-Content-Type-Options": "nosniff",
    "X-Frame-Options": "DENY",
    "X-XSS-Protection": "1; mode=block",
    "Strict-Transport-Security": "max-age=31536000; includeSubDomains",
    "Content-Security-Policy": "default-src 'self'; script-src 'self' 'unsafe-inline'",
    "Referrer-Policy": "strict-origin-when-cross-origin"
  },
  "rateLimit": {
    "windowMs": 900000,
    "max": 100,
    "message": "Too many requests from this IP, please try again later.",
    "standardHeaders": true,
    "legacyHeaders": false
  },
  "jwt": {
    "secret": "your-super-secret-jwt-key",
    "expiresIn": "1h",
    "issuer": "athlete-ally",
    "audience": "athlete-ally-users"
  },
  "validation": {
    "maxBodySize": "10mb",
    "maxFileSize": "5mb",
    "allowedFileTypes": [
      ".jpg",
      ".jpeg",
      ".png",
      ".gif",
      ".pdf"
    ],
    "sanitizeInput": true
  },
  "logging": {
    "level": "info",
    "format": "json",
    "sanitize": true,
    "excludeFields": [
      "password",
      "token",
      "secret"
    ]
  }
}