{
  "dashboard": {
    "id": null,
    "title": "Athlete Ally - Planning Engine Dashboard",
    "tags": ["athlete-ally", "planning-engine", "microservices"],
    "style": "dark",
    "timezone": "browser",
    "panels": [
      {
        "id": 1,
        "title": "Service Health Status",
        "type": "stat",
        "targets": [
          {
            "expr": "up{job=\"planning-engine\"}",
            "legendFormat": "Planning Engine"
          },
          {
            "expr": "up{job=\"prometheus\"}",
            "legendFormat": "Prometheus"
          },
          {
            "expr": "up{job=\"grafana\"}",
            "legendFormat": "Grafana"
          }
        ],
        "fieldConfig": {
          "defaults": {
            "color": {
              "mode": "thresholds"
            },
            "thresholds": {
              "steps": [
                {
                  "color": "red",
                  "value": 0
                },
                {
                  "color": "green",
                  "value": 1
                }
              ]
            }
          }
        },
        "gridPos": {
          "h": 8,
          "w": 12,
          "x": 0,
          "y": 0
        }
      },
      {
        "id": 2,
        "title": "API Response Time",
        "type": "graph",
        "targets": [
          {
            "expr": "histogram_quantile(0.95, rate(http_request_duration_seconds_bucket{job=\"planning-engine\"}[5m]))",
            "legendFormat": "95th percentile"
          },
          {
            "expr": "histogram_quantile(0.50, rate(http_request_duration_seconds_bucket{job=\"planning-engine\"}[5m]))",
            "legendFormat": "50th percentile"
          }
        ],
        "yAxes": [
          {
            "label": "Response Time (seconds)",
            "min": 0
          }
        ],
        "gridPos": {
          "h": 8,
          "w": 12,
          "x": 12,
          "y": 0
        }
      },
      {
        "id": 3,
        "title": "Request Rate",
        "type": "graph",
        "targets": [
          {
            "expr": "rate(http_requests_total{job=\"planning-engine\"}[5m])",
            "legendFormat": "{{method}} {{endpoint}}"
          }
        ],
        "yAxes": [
          {
            "label": "Requests per second",
            "min": 0
          }
        ],
        "gridPos": {
          "h": 8,
          "w": 24,
          "x": 0,
          "y": 8
        }
      },
      {
        "id": 4,
        "title": "Error Rate",
        "type": "graph",
        "targets": [
          {
            "expr": "rate(http_requests_total{job=\"planning-engine\",status=~\"5..\"}[5m])",
            "legendFormat": "5xx errors"
          },
          {
            "expr": "rate(http_requests_total{job=\"planning-engine\",status=~\"4..\"}[5m])",
            "legendFormat": "4xx errors"
          }
        ],
        "yAxes": [
          {
            "label": "Errors per second",
            "min": 0
          }
        ],
        "gridPos": {
          "h": 8,
          "w": 12,
          "x": 0,
          "y": 16
        }
      },
      {
        "id": 5,
        "title": "System Resources",
        "type": "graph",
        "targets": [
          {
            "expr": "rate(process_cpu_seconds_total{job=\"planning-engine\"}[5m]) * 100",
            "legendFormat": "CPU Usage %"
          },
          {
            "expr": "process_resident_memory_bytes{job=\"planning-engine\"} / 1024 / 1024",
            "legendFormat": "Memory Usage (MB)"
          }
        ],
        "yAxes": [
          {
            "label": "Usage",
            "min": 0
          }
        ],
        "gridPos": {
          "h": 8,
          "w": 12,
          "x": 12,
          "y": 16
        }
      }
    ],
    "time": {
      "from": "now-1h",
      "to": "now"
    },
    "refresh": "5s"
  }
}