{
  "id": null,
  "title": "Athlete Ally System Overview",
    "tags": ["athlete-ally"],
    "style": "dark",
    "timezone": "browser",
    "panels": [
      {
        "id": 1,
        "title": "Request Rate",
        "type": "stat",
        "targets": [
          {
            "expr": "rate(http_requests_total[5m])",
            "legendFormat": "{{service}}"
          }
        ],
        "gridPos": {"h": 8, "w": 12, "x": 0, "y": 0}
      },
      {
        "id": 2,
        "title": "Response Time",
        "type": "stat",
        "targets": [
          {
            "expr": "histogram_quantile(0.95, rate(http_request_duration_seconds_bucket[5m]))",
            "legendFormat": "P95"
          }
        ],
        "gridPos": {"h": 8, "w": 12, "x": 12, "y": 0}
      },
      {
        "id": 3,
        "title": "Error Rate",
        "type": "stat",
        "targets": [
          {
            "expr": "rate(http_requests_total{status=~\"5..\"}[5m]) / rate(http_requests_total[5m]) * 100",
            "legendFormat": "Error %"
          }
        ],
        "gridPos": {"h": 8, "w": 12, "x": 0, "y": 8}
      },
      {
        "id": 4,
        "title": "Event Processing",
        "type": "stat",
        "targets": [
          {
            "expr": "rate(nats_jetstream_consumer_messages_processed[5m])",
            "legendFormat": "Events/sec"
          }
        ],
        "gridPos": {"h": 8, "w": 12, "x": 12, "y": 8}
      }
    ],
    "time": {
      "from": "now-1h",
      "to": "now"
    },
    "refresh": "5s"
}




