{
  "version": "8.11.0",
  "objects": [
    {
      "id": "planning-engine-pattern",
      "type": "index-pattern",
      "attributes": {
        "title": "planning-engine-*",
        "timeFieldName": "@timestamp",
        "fields": "[{\"name\":\"@timestamp\",\"type\":\"date\",\"esTypes\":[\"date\"],\"searchable\":true,\"aggregatable\":true,\"readFromDocValues\":true},{\"name\":\"level\",\"type\":\"string\",\"esTypes\":[\"text\"],\"searchable\":true,\"aggregatable\":false},{\"name\":\"message\",\"type\":\"string\",\"esTypes\":[\"text\"],\"searchable\":true,\"aggregatable\":false},{\"name\":\"service\",\"type\":\"string\",\"esTypes\":[\"keyword\"],\"searchable\":true,\"aggregatable\":true}]"
      }
    }
  ]
}