{
  "version": "8.11.0",
  "objects": [
    {
      "id": "planning-engine-dashboard",
      "type": "dashboard",
      "attributes": {
        "title": "Athlete Ally - Planning Engine Dashboard",
        "description": "Planning Engine服务监控仪表板",
        "panelsJSON": "[{\"version\":\"8.11.0\",\"type\":\"visualization\",\"gridData\":{\"x\":0,\"y\":0,\"w\":12,\"h\":8},\"panelIndex\":1,\"embeddableConfig\":{},\"panelRefName\":\"panel_1\"}]",
        "optionsJSON": "{\"useMargins\":true,\"syncColors\":false,\"hidePanelTitles\":false}",
        "version": 1,
        "timeRestore": false,
        "kibanaSavedObjectMeta": {
          "searchSourceJSON": "{\"query\":{\"query\":\"\",\"language\":\"kuery\"},\"filter\":[]}"
        }
      }
    }
  ]
}