{
  "version": "8.11.0",
  "objects": [
    {
      "id": "planning-engine-search",
      "type": "search",
      "attributes": {
        "title": "Planning Engine Search",
        "description": "Planning Engine日志搜索",
        "hits": 0,
        "columns": [
          "@timestamp",
          "level",
          "message",
          "service"
        ],
        "sort": [
          "@timestamp",
          "desc"
        ],
        "version": 1,
        "kibanaSavedObjectMeta": {
          "searchSourceJSON": "{\"index\":\"planning-engine-pattern\",\"query\":{\"query\":\"\",\"language\":\"kuery\"},\"filter\":[]}"
        }
      }
    }
  ]
}