{
  "version": "8.11.0",
  "objects": [
    {
      "id": "planning-engine-logs",
      "type": "visualization",
      "attributes": {
        "title": "Planning Engine Logs",
        "visState": "{\"type\":\"histogram\",\"params\":{\"grid\":{\"categoryLines\":false,\"style\":{\"color\":\"#eee\"}},\"categoryAxes\":[{\"id\":\"CategoryAxis-1\",\"type\":\"category\",\"position\":\"bottom\",\"show\":true,\"style\":{},\"scale\":{\"type\":\"linear\"},\"labels\":{\"show\":true,\"truncate\":100},\"title\":{}}],\"valueAxes\":[{\"id\":\"ValueAxis-1\",\"name\":\"LeftAxis-1\",\"type\":\"value\",\"position\":\"left\",\"show\":true,\"style\":{},\"scale\":{\"type\":\"linear\",\"mode\":\"normal\"},\"labels\":{\"show\":true,\"rotate\":0,\"filter\":false,\"truncate\":100},\"title\":{\"text\":\"Count\"}}]}}",
        "uiStateJSON": "{\"vis\":{\"legendOpen\":false,\"type\":\"histogram\",\"params\":{\"grid\":{\"categoryLines\":false,\"style\":{\"color\":\"#eee\"}}}}}",
        "description": "Planning Engine日志可视化",
        "version": 1,
        "kibanaSavedObjectMeta": {
          "searchSourceJSON": "{\"index\":\"planning-engine-pattern\",\"query\":{\"query\":\"\",\"language\":\"kuery\"},\"filter\":[]}"
        }
      }
    }
  ]
}