{
  "auditReportVersion": 2,
  "vulnerabilities": {
    "@vitest/coverage-v8": {
      "name": "@vitest/coverage-v8",
      "severity": "moderate",
      "isDirect": true,
      "via": [
        "vitest"
      ],
      "effects": [],
      "range": "<=2.2.0-beta.2",
      "nodes": [
        "node_modules/@vitest/coverage-v8"
      ],
      "fixAvailable": {
        "name": "@vitest/coverage-v8",
        "version": "3.2.4",
        "isSemVerMajor": true
      }
    },
    "esbuild": {
      "name": "esbuild",
      "severity": "moderate",
      "isDirect": false,
      "via": [
        {
          "source": 1102341,
          "name": "esbuild",
          "dependency": "esbuild",
          "title": "esbuild enables any website to send any requests to the development server and read the response",
          "url": "https://github.com/advisories/GHSA-67mh-4wv8-2f99",
          "severity": "moderate",
          "cwe": [
            "CWE-346"
          ],
          "cvss": {
            "score": 5.3,
            "vectorString": "CVSS:3.1/AV:N/AC:H/PR:N/UI:R/S:U/C:H/I:N/A:N"
          },
          "range": "<=0.24.2"
        }
      ],
      "effects": [
        "vite"
      ],
      "range": "<=0.24.2",
      "nodes": [
        "node_modules/vite/node_modules/esbuild"
      ],
      "fixAvailable": {
        "name": "vitest",
        "version": "3.2.4",
        "isSemVerMajor": true
      }
    },
    "vite": {
      "name": "vite",
      "severity": "moderate",
      "isDirect": false,
      "via": [
        "esbuild"
      ],
      "effects": [
        "vite-node",
        "vitest"
      ],
      "range": "0.11.0 - 6.1.6",
      "nodes": [
        "node_modules/vite"
      ],
      "fixAvailable": {
        "name": "vitest",
        "version": "3.2.4",
        "isSemVerMajor": true
      }
    },
    "vite-node": {
      "name": "vite-node",
      "severity": "moderate",
      "isDirect": false,
      "via": [
        "vite"
      ],
      "effects": [
        "vitest"
      ],
      "range": "<=2.2.0-beta.2",
      "nodes": [
        "node_modules/vite-node"
      ],
      "fixAvailable": {
        "name": "vitest",
        "version": "3.2.4",
        "isSemVerMajor": true
      }
    },
    "vitest": {
      "name": "vitest",
      "severity": "moderate",
      "isDirect": true,
      "via": [
        "vite",
        "vite-node"
      ],
      "effects": [
        "@vitest/coverage-v8"
      ],
      "range": "0.0.1 - 0.0.12 || 0.0.29 - 0.0.122 || 0.3.3 - 2.2.0-beta.2",
      "nodes": [
        "node_modules/vitest"
      ],
      "fixAvailable": {
        "name": "vitest",
        "version": "3.2.4",
        "isSemVerMajor": true
      }
    }
  },
  "metadata": {
    "vulnerabilities": {
      "info": 0,
      "low": 0,
      "moderate": 5,
      "high": 0,
      "critical": 0,
      "total": 5
    },
    "dependencies": {
      "prod": 959,
      "dev": 559,
      "optional": 166,
      "peer": 0,
      "peerOptional": 0,
      "total": 1606
    }
  }
}
