{
  "dashboard": {
    "id": null,
    "title": "Athlete Ally 系统监控",
    "tags": ["athlete-ally", "monitoring"],
    "style": "dark",
    "timezone": "browser",
    "panels": [
      {
        "id": 1,
        "title": "系统状态概览",
        "type": "stat",
        "targets": [
          {
            "expr": "up{job=\"frontend\"}",
            "legendFormat": "前端服务"
          },
          {
            "expr": "up{job=\"planning-engine\"}",
            "legendFormat": "后端服务"
          },
          {
            "expr": "up{job=\"postgres\"}",
            "legendFormat": "数据库"
          },
          {
            "expr": "up{job=\"redis\"}",
            "legendFormat": "Redis"
          }
        ],
        "gridPos": {
          "h": 8,
          "w": 24,
          "x": 0,
          "y": 0
        }
      },
      {
        "id": 2,
        "title": "API响应时间",
        "type": "graph",
        "targets": [
          {
            "expr": "histogram_quantile(0.95, rate(http_request_duration_seconds_bucket[5m]))",
            "legendFormat": "95th percentile"
          },
          {
            "expr": "histogram_quantile(0.50, rate(http_request_duration_seconds_bucket[5m]))",
            "legendFormat": "50th percentile"
          }
        ],
        "yAxes": [
          {
            "label": "响应时间 (秒)",
            "min": 0
          }
        ],
        "gridPos": {
          "h": 8,
          "w": 12,
          "x": 0,
          "y": 8
        }
      },
      {
        "id": 3,
        "title": "API请求率",
        "type": "graph",
        "targets": [
          {
            "expr": "rate(http_requests_total[5m])",
            "legendFormat": "{{method}} {{endpoint}}"
          }
        ],
        "yAxes": [
          {
            "label": "请求/秒",
            "min": 0
          }
        ],
        "gridPos": {
          "h": 8,
          "w": 12,
          "x": 12,
          "y": 8
        }
      },
      {
        "id": 4,
        "title": "错误率",
        "type": "graph",
        "targets": [
          {
            "expr": "rate(http_requests_total{status=~\"5..\"}[5m])",
            "legendFormat": "5xx 错误"
          },
          {
            "expr": "rate(http_requests_total{status=~\"4..\"}[5m])",
            "legendFormat": "4xx 错误"
          }
        ],
        "yAxes": [
          {
            "label": "错误/秒",
            "min": 0
          }
        ],
        "gridPos": {
          "h": 8,
          "w": 12,
          "x": 0,
          "y": 16
        }
      },
      {
        "id": 5,
        "title": "系统资源使用",
        "type": "graph",
        "targets": [
          {
            "expr": "rate(process_cpu_seconds_total[5m]) * 100",
            "legendFormat": "CPU 使用率"
          },
          {
            "expr": "process_resident_memory_bytes / 1024 / 1024",
            "legendFormat": "内存使用 (MB)"
          }
        ],
        "yAxes": [
          {
            "label": "使用率 (%)",
            "min": 0,
            "max": 100
          }
        ],
        "gridPos": {
          "h": 8,
          "w": 12,
          "x": 12,
          "y": 16
        }
      }
    ],
    "time": {
      "from": "now-1h",
      "to": "now"
    },
    "refresh": "30s"
  },
  "alerts": [
    {
      "name": "服务不可用",
      "condition": "up{job=\"frontend\"} == 0 OR up{job=\"planning-engine\"} == 0",
      "severity": "critical",
      "message": "关键服务不可用，请立即检查"
    },
    {
      "name": "API响应时间过高",
      "condition": "histogram_quantile(0.95, rate(http_request_duration_seconds_bucket[5m])) > 1",
      "severity": "warning",
      "message": "API响应时间超过1秒，可能影响用户体验"
    },
    {
      "name": "错误率过高",
      "condition": "rate(http_requests_total{status=~\"5..\"}[5m]) > 0.1",
      "severity": "critical",
      "message": "5xx错误率过高，请检查服务状态"
    },
    {
      "name": "CPU使用率过高",
      "condition": "rate(process_cpu_seconds_total[5m]) * 100 > 80",
      "severity": "warning",
      "message": "CPU使用率超过80%，请检查系统负载"
    },
    {
      "name": "内存使用率过高",
      "condition": "process_resident_memory_bytes / 1024 / 1024 > 1000",
      "severity": "warning",
      "message": "内存使用超过1GB，请检查内存泄漏"
    }
  ]
}








